Name,Monday,Tuesday,Wednesday,Thursday,Friday,Saturday,Sunday
Alice,Morning,Morning,Afternoon,Evening,Afternoon,Morning,Evening
Bob,Afternoon,Morning,Evening,Morning,Morning,Afternoon,Evening
Charlie,Evening,Evening,Evening,Evening,Evening,Evening,Evening
Diana,Morning,Afternoon,Morning,Morning,Afternoon,Afternoon,Afternoon
Ethan,Afternoon,Afternoon,Afternoon,Afternoon,Afternoon,Morning,Morning
Frank,Evening,Evening,Morning,Afternoon,Morning,Evening,Evening
Grace,Morning,Morning,Evening,Evening,Morning,Morning,Afternoon
Helen,Evening,Evening,Afternoon,Morning,Evening,Evening,Evening
